index_html , finished
wrapper_A1587 , finished
report_A1470 , finished
wrapper_A1522 , finished
wrapper_A1522b , finished
wrapper_A1568 , finished
wrapper_A1731 , finished
wrapper_A1611 , finished
init_report , finished
wrapper_A1623 , finished
wrapper_D2228 , finished
wrapper_A1470 , finished
wrapper_A1642 , finished
wrapper_B1658 , finished
wrapper_B1687 , finished
wrapper_C2063 , finished
wrapper_C2065 , finished
wrapper_D2098 , finished
wrapper_D2443 , finished
wrapper_D2354b , finished
report_A1522 , finished
wrapper_D2354 , finished
wrapper_D2358 , finished
wrapper_D2422 , finished
report_A1522b , finished
report_A1731 , finished
report_D2228 , finished
report_D2358 , finished
report_B1658 , finished
report_A1568 , finished
report_A1587 , finished
report_A1611 , finished
report_B1687 , finished
report_D2354 , finished
summary_template , finished
report_C2063 , finished
report_D2422 , finished
report_A1623 , finished
report_A1642 , finished
report_C2065 , finished
report_D2354b , finished
report_D2098 , finished
report_D2443 , finished
